<?xml version="1.0"?>
<UserSet xmlns:xsd="http://www.w3.org/2001/XMLSchema" xmlns:xsi="http://www.w3.org/2001/XMLSchema-instance">
  <seriacfg SeriaParaValid="true" SaveDataStream="true" SaveLogStream="true" LastSend="12345" TopMost="false" HideTx="false" HideRxPara="false" EncodingUTF8="true" TimeLog="true" WhiteBack="false" RevHex="false" RevFont="0" SendHex="false" TimerSend="false" TimerValue="50" NewLine="false" MultiSendHex="false" MultiTimerSend="false" MultiTimerValue="0" TimerFrameInterval_x0028_ms_x0029_="0" MultiNewLine="false" RNTimeOutMs="0" GData="true" DisplayFont="12" CurSendSingle="false" GlogWhiteBack="false">
    <stUartPara SeriaPortName="COM34" SeriaBaudRate="115200" SeriaDataBits="8" SeriaStopBits="1" SeriaParity="None" DtrEnable="false" RtsEnable="false" />
    <UartSendList>
      <string>44 47 21 00 07 00 00 00 00 23 00 00 04 4F 00</string>
      <string>1234</string>
      <string>12345</string>
    </UartSendList>
  </seriacfg>
  <dfucfg ChipType="0" ReadRegAddr="" WriteRegAddr="" GetSysconfigAddr="" SetSysconfigAddr="" ReadRamAddr="" WriteRamAddr="" BootInfoAddr="" ResetDutCmd="" EraseAddr="" UpdateAddr="" UpdateLen="" DumpAddr="" DumpLen_x0028_K_x0029_="" CopyDest="" CopySource="" GetDataLen="" GetDataAddr="" ModifyPath="" ModifyAddr="" B_SAMPLE_ALL="false" SAMPLE_IO="0" SAMPLE_PIN="0" RamBinPath="" FlashBinPath="" FlashDataPath="" EX_FLASH_TYPE="0" QSPI_ID="0" CS_IO_TYPE="0" CS_IO_PIN="0" CS_IO_MUX="0" CLK_IO_TYPE="0" CLK_IO_PIN="0" CLK_IO_MUX="0" MOSI_IO_TYPE="0" MOSI_IO_PIN="0" MOSI_IO_MUX="0" MISO_IO_TYPE="0" MISO_IO_PIN="0" MISO_IO_MUX="0" IO2_IO_TYPE="0" IO2_IO_PIN="0" IO2_IO_MUX="0" IO3_IO_TYPE="0" IO3_IO_PIN="0" IO3_IO_MUX="0" ExFlash="0" NvdsCheckSum="false" SaveStream="false" ProgramEndPro="0" ProtocolType="1" EraseType="0" DFU_TYPE="193" ProgramType="2" SPI_CS_PIN="0" SPI_CLK_PIN="0" SPI_MOSI_PIN="0" SPI_MISO_PIN="0" PRO_FLASH_DELAY="1" SPI_GROUP="3" SPI_CS="17" SPI_CS_MUX="7" WatchDogReset="false" AutoEnterDfu="false" />
  <glogcfg GLog="false" GLogUserHex="false" GLogXmlPath="C:\Tools\Uart\GRUart_V1.91\GLogConfig\ble_uplink_log_descript.xml" UserAppLogColor="Black" UserAppLogSel="true">
    <GLogTypeValList>
      <string>0</string>
      <string>1</string>
      <string>2</string>
      <string>3</string>
      <string>4</string>
      <string>5</string>
      <string>6</string>
      <string>7</string>
      <string>8</string>
      <string>9</string>
      <string>10</string>
      <string>11</string>
      <string>12</string>
      <string>13</string>
      <string>14</string>
      <string>15</string>
      <string>16</string>
      <string>17</string>
      <string>18</string>
      <string>19</string>
      <string>20</string>
      <string>21</string>
      <string>22</string>
      <string>23</string>
      <string>24</string>
      <string>25</string>
      <string>26</string>
      <string>27</string>
      <string>28</string>
      <string>29</string>
      <string>30</string>
      <string>31</string>
      <string>32</string>
      <string>33</string>
      <string>34</string>
      <string>35</string>
      <string>36</string>
      <string>37</string>
      <string>38</string>
      <string>39</string>
      <string>63</string>
      <string>64</string>
    </GLogTypeValList>
    <GLogTypeNameList>
      <string>SDK_SYS</string>
      <string>ROM_SYS</string>
      <string>SDK_APP</string>
      <string>ROM_APP</string>
      <string>SDK_SDK</string>
      <string>ROM_SDK</string>
      <string>SDK_BQB</string>
      <string>ROM_BQB</string>
      <string>SDK_GAP</string>
      <string>ROM_GAP</string>
      <string>SDK_SM</string>
      <string>ROM_SM</string>
      <string>SDK_GATT</string>
      <string>ROM_GATT</string>
      <string>SDK_L2CAP</string>
      <string>ROM_L2CAP</string>
      <string>SDK_MESH</string>
      <string>ROM_MESH</string>
      <string>SDK_MESH_BUF</string>
      <string>ROM_MESH_BUF</string>
      <string>SDK_MESH_BEARER</string>
      <string>ROM_MESH_BEARER</string>
      <string>SDK_MESH_NET</string>
      <string>ROM_MESH_NET</string>
      <string>SDK_MESH_TRANS</string>
      <string>ROM_MESH_TRANS</string>
      <string>SDK_MESH_BCNIV</string>
      <string>ROM_MESH_BCNIV</string>
      <string>SDK_MESH_LPNFRN</string>
      <string>ROM_MESH_LPNFRN</string>
      <string>SDK_NVDS</string>
      <string>ROM_NVDS</string>
      <string>SDK_LL</string>
      <string>ROM_LL</string>
      <string>SDK_EXCEPTION</string>
      <string>ROM_EXCEPTION</string>
      <string>SDK_UNDEF</string>
      <string>ROM_UNDEF</string>
      <string>SDK_HCI</string>
      <string>ROM_HCI</string>
      <string>STACK_LOG_TYPE_ERR</string>
      <string>USER_APP</string>
    </GLogTypeNameList>
    <GLogTypeSelList>
      <string>true</string>
      <string>true</string>
      <string>true</string>
      <string>true</string>
      <string>true</string>
      <string>true</string>
      <string>true</string>
      <string>true</string>
      <string>true</string>
      <string>true</string>
      <string>true</string>
      <string>true</string>
      <string>true</string>
      <string>true</string>
      <string>true</string>
      <string>true</string>
      <string>true</string>
      <string>true</string>
      <string>true</string>
      <string>true</string>
      <string>true</string>
      <string>true</string>
      <string>true</string>
      <string>true</string>
      <string>true</string>
      <string>true</string>
      <string>true</string>
      <string>true</string>
      <string>true</string>
      <string>true</string>
      <string>true</string>
      <string>true</string>
      <string>true</string>
      <string>true</string>
      <string>true</string>
      <string>true</string>
      <string>true</string>
      <string>true</string>
      <string>true</string>
      <string>true</string>
      <string>true</string>
      <string>true</string>
    </GLogTypeSelList>
    <GLogTypeColList>
      <string>#00FF80</string>
      <string>#00FF80</string>
      <string>#00FF80</string>
      <string>#00FF80</string>
      <string>#00FF80</string>
      <string>#00FF80</string>
      <string>#00FF80</string>
      <string>#00FF80</string>
      <string>#00FF80</string>
      <string>#00FF80</string>
      <string>#00FF80</string>
      <string>#00FF80</string>
      <string>#00FF80</string>
      <string>#00FF80</string>
      <string>#00FF80</string>
      <string>#00FF80</string>
      <string>#00FF80</string>
      <string>#00FF80</string>
      <string>#00FF80</string>
      <string>#00FF80</string>
      <string>#00FF80</string>
      <string>#00FF80</string>
      <string>#00FF80</string>
      <string>#00FF80</string>
      <string>#00FF80</string>
      <string>#00FF80</string>
      <string>#00FF80</string>
      <string>#00FF80</string>
      <string>#00FF80</string>
      <string>#00FF80</string>
      <string>#00FF80</string>
      <string>#00FF80</string>
      <string>#00FF80</string>
      <string>#00FF80</string>
      <string>#00FF80</string>
      <string>#00FF80</string>
      <string>#00FF80</string>
      <string>#00FF80</string>
      <string>#00FF80</string>
      <string>#00FF80</string>
      <string>Black</string>
      <string>Black</string>
      <string>Black</string>
      <string>Black</string>
      <string>Black</string>
      <string>Black</string>
      <string>Black</string>
      <string>Black</string>
      <string>Black</string>
      <string>Black</string>
      <string>Black</string>
      <string>Black</string>
      <string>Black</string>
      <string>Black</string>
      <string>Black</string>
      <string>Black</string>
      <string>Black</string>
      <string>Black</string>
      <string>Black</string>
      <string>Black</string>
      <string>Black</string>
      <string>Black</string>
      <string>Black</string>
      <string>#00FF80</string>
      <string>#00FF80</string>
    </GLogTypeColList>
  </glogcfg>
  <mulcfg LoopSend="true" NewLine="true" bFileLoopSend="false" FileLoopInterval="0" FileSendFrameLen="0" FileSendPath="" MultiSendPath="">
    <MultiSendDataList>
      <string>31</string>
      <string>32</string>
      <string>33</string>
      <string>34</string>
    </MultiSendDataList>
    <MultiSendHexList>
      <string>true</string>
      <string>true</string>
      <string>true</string>
      <string>true</string>
    </MultiSendHexList>
    <MultiSendSelList>
      <string>true</string>
      <string>true</string>
      <string>true</string>
      <string>true</string>
    </MultiSendSelList>
    <MultiSendTimeList>
      <string>10</string>
      <string>10</string>
      <string>10</string>
      <string>10</string>
    </MultiSendTimeList>
  </mulcfg>
</UserSet>